id,name,amount,total
1,"асршкйю 08/22_рхо ю, ЬР",476.0,3.0
2,"йпютр-оюйер япедмхи я ондбнпнрнл, ЬР",386.0,8900.0
3,"онкнремже пнгнбне 70X140_рхо B, ЬР",346.0,2.0
4,"CICA йпел бняярюмюбкхбючыхи дкъ кхжю, рекю х псй, ЬР",288.0,2190.0
5,"цекэ дкъ дсью х бюммш ╚йнте╩, 400лк, ЬР",217.0,71814.0
6,"цекэ дкъ дсью х бюммш ╚лнпяйхе бнднпнякх & лнпяйни темуекэ╩, 400 ЛК, ЬР",216.0,71887.0
7,"бняярюмюбкхбючыее лнкнвйн дкъ рекю дкъ нвемэ ясуни йнфх, 200 лк, ЬР",182.0,9690.0
8,"цекэ дкъ дсью х бюммш ╚люмцн & йнпхюмдп╩, 400лк, ЬР",138.0,44969.0
9,"сбкюфмъчыее лнкнвйн оняке гюцюпю 3 б 1, 200 лк, ЬР",136.0,12174.0
10,"цекэ дкъ дсью х бюммш ╚пюйхрмхй & бепеяй╩, 400 ЛК, ЬР",114.0,37831.0
11,"цекэ дкъ дсью х бюммш ╚кхлнм & аюгхкхй╩, 400 лк, ЬР",112.0,37653.0
12,"оНДЮПНВМЮЪ ЙЮПРЮ 1000П (БШОСЯЙ 2021), ЬР",104.0,104000.0
13,"ьюлосмэ вхярши дернйя я бнднпнякълх ахн - аег Cскэтюрнб - дкъ мнплюкэмшу х фхпмшу бнкня, ЬР",97.0,38897.0
14,"цекэ дкъ дсью х бюммш ╚нкхбю & оерхцпем╩, 400 ЛК, ЬР",95.0,31740.0
15,"цекэ дкъ дсью х бюммш ╚люкхмю & оепевмюъ лърю╩, 400лк, ЬР",91.0,30516.0
16,"ьюлосмэ назел я оеорхдюлх йхмню - аег яскэтюрнб - дкъ рнмйху х кхьеммшу назелю бнкня, ЬР",87.0,34330.0
17,"охрюрекэмши аюкэгюл дкъ цса ╚люкхмю╩ 4,8ц, ЬР",81.0,17939.0
18,"лхмх акеяй дкъ цса 2,5лк 2022, ЬР",74.0,1.0
19,"цекэ дкъ дсью х бюммш ╚йнйнянбши нпеу╩, 400 лк, ЬР",73.0,24930.0
20,"лнкнвйн дкъ рекю ╚лнпяйхе бнднпнякх & лнпяйни темуекэ╩, ЬР",68.0,29829.0
21,"охрюрекэмши аюкэгюл дкъ цса ╚пюйхрмхй╩ 4,8ц, ЬР",65.0,14395.0
22,"охрюрекэмши аюкэгюл дкъ цса ╚йюпхре╩ 4,8ц, ЬР",65.0,15040.0
23,"дегнднпюмр 48в ябефеярэ  я щдскхянл ахн, ЬР",64.0,22937.0
24,"цекэ дкъ дсью х бюммш ╚лнпяйхе бнднпнякх & лнпяйни темуекэ╩, 200 ЛК, ЬР",63.0,14617.0
25,"ьюлосмэ ярнийнярэ жберю я люкхмнбшл сйясянл - аег Cскэтюрнб - дкъ нйпюьеммшу хкх рсяйкшу бнкня, ЬР",63.0,25197.0
26,"ьюлосмэ бняярюмнбкемхе я фнфнаю ахн √ аег яскэтюрнб √ дкъ ясуху х онбпефдеммшу бнкня, ЬР",60.0,22429.0
27,"оемю дкъ апхрэъ,200 лк, ЬР",58.0,13736.0
28,"цекэ дкъ дсью х бюммш ╚юпцюмхъ & пнгю╩, 400ЛК, ЬР",58.0,19841.0
29,"йнмдхжхнмеп бняярюмнбкемхе C фнфнаю ахн - дкъ ясуху х онбпефдеммшу бнкня, ЬР",54.0,20974.0
30,"цекэ дкъ дсью х бюммш ╚йнте╩, 200лк, ЬР",53.0,12766.0
31,"йпел 2 б 1 дкъ йпюянрш псй 75лк, ЬР",53.0,13510.0
32,"лнкнвйн дкъ рекю ╚люмцн & йнпхюмдп╩, ЬР",53.0,22923.0
33,"лхмх ьюлосмэ вхярши дернйя я бнднпнякълх ахн 50 лк_рхо ю, ЬР",52.0,3.0
34,"охрюрекэмши аюкэгюл дкъ цса ╚йнйня╩ 4,8ц, ЬР",52.0,11554.0
35,"рсьэ дкъ пеямхж  лерюлнптнгю  назел, сдкхмемхе х ондйпсвхбюмхе, ЬР",52.0,43735.0
36,"скэрпюнябефючыхи цекэ дкъ слшбюмхъ я лхйпнбнднпнякълх - дкъ мнплюкэмни х йнлахмхпнбюммни йнфх, 125лк, ЬР",51.0,21984.0
37,"йнмдхжхнмеп ярнийнярэ жберю я люкхмнбшл сйясянл √ дкъ нйпюьеммшу х рсяйкшу бнкня, ЬР",50.0,20823.0
38,"скэрпюнябефючыхи цекэ дкъ слшбюмхъ я лхйпнбнднпнякълх - дкъ мнплюкэмни х йнлахмхпнбюммни йнфх, 390лк, ЬР",49.0,37744.0
39,"лхмх сбкюфмъчыхи йпел опнрхб меянбепьемярб 2023 7лк_рхо ю, ЬР",48.0,1.0
40,"дегнднпюмр 48в мефмнярэ  я пнлюьйни ахн, ЬР",48.0,16358.0
41,"лхжеккъпмюъ бндю дкъ ямърхъ люйхъфю 2 б 1 я лхйпнбнднпнякълх?дкъ мнплюкэмни х йнлахмхп. йнфх, 200 лк, ЬР",48.0,22255.0
42,"йпютр-оюйер анкэьни я ондбнпнрнл, ЬР",45.0,1298.0
43,"йпютр-оюйер анкэьни 2022 мц, ЬР",45.0,1575.0
44,"цекэ дкъ дсью х бюммш ╚люмцн & йнпхюмдп╩, 200лк, ЬР",45.0,11047.0
45,"рсьэ дкъ пеямхж назел, ЬР",45.0,26973.0
46,"бняярюмюбкхбючыхи кецйхи пюярхрекэмши аюкэгюл я люякнл юбнйюдн √ дкъ рнмйху, ясуху х онбпефдеммшу бн, ЬР",44.0,2929.0
47,"цекэ дкъ дсью х бюммш ╚пюйхрмхй & бепеяй╩, 200 ЛК, ЬР",40.0,9620.0
48,"лнкнвйн дкъ рекю ╚йнйнянбши нпеу╩, ЬР",40.0,15815.0
49,"лнкнвйн дкъ рекю ╚нкхбю & оерхцпем╩, ЬР",40.0,17025.0
50,"сбкюфмъчыхи йпел дкъ псй ╚лнпяйхе бнднпнякх & лнпяйни темуекэ╩, ЬР",39.0,9304.0
51,"цекэ дкъ дсью х бюммш ╚кхлнм & аюгхкхй╩, 200лк, ЬР",39.0,9744.0
52,"йнмдхжхнмеп вхярши дернйя я бнднпнякълх ахн √ дкъ мнплюкэмшу х фхпмшу бнкня, ЬР",39.0,16393.0
53,"фхдйне лшкн дкъ псй ╚лнпяйхе бнднпнякх & лнпяйни темуекэ╩, ЬР",38.0,8967.0
54,"мефмши йпел дкъ кхжю х рекю, аюмнвйю 125 лк, ЬР",38.0,15404.0
55,"мюяшыеммши йпел ╚хмремяхбмне сбкюфмемхе 48в╩ √ дкъ мнплюкэмни х ясуни йнфх, ЬР",38.0,37237.0
56,"цекэ дкъ дсью х бюммш ╚аспанмяйюъ бюмхкэ╩, 400 ЛК, ЬР",37.0,12405.0
57,"лхмх ьюлосмэ гюыхрю жберю 2023 50лк_рхо ю, ЬР",36.0,2.0
58,"охрюрекэмши йпел дкъ псй 75лк, ЬР",36.0,8251.0
59,"дегнднпюмр 48в вхярнрю  я оепевмни лърни ахн, ЬР",36.0,12744.0
60,"ьюлосмэ опнрхб бшоюдемхъ бнкня я аекшл кчохмнл - аег яскэтюрнб - дкъ някюакеммшу бнкня, ЬР",36.0,18468.0
61,"цекэ дкъ дсью х бюммш ╚люкхмю & оепевмюъ лърю╩, 200лк, ЬР",34.0,8428.0
62,"сбкюфмъчыхи йпел дкъ псй ╚люмцн & йнпхюмдп╩, ЬР",34.0,8583.0
63,"цекэ дкъ дсью х бюммш ╚йнйнянбши нпеу╩, 200 лк, ЬР",32.0,7047.0
64,"сбкюфмъчыхи йпел дкъ псй ╚люкхмю & оепевмюъ лърю╩, ЬР",32.0,7766.0
65,"лнмни. лъцйхи ьюлосмэ дкъ бнкня х рекю, ЬР",32.0,10467.0
66,"ьюлосмэ мефмнярэ я лнкнвйнл йюьрюмю ахн - аег Cскэтюрнб - дкъ мнплюкэмшу х ясуху бнкня, ЬР",32.0,12190.0
67,"тхнкернбши ьюлосмэ ярнийнярэ жберю я люкхмнбшл сйясянл - аег яскэтюрнб - дкъ няберкеммшу х яедшу бнк, ЬР",32.0,12630.0
68,"йнмдхжхнмеп назел я оеорхдюлх йхмню √ дкъ рнмйху х кхьеммшу назелю бнкня, ЬР",32.0,13544.0
69,"лнкнвйн дкъ рекю ╚пюйхрмхй & бепеяй╩, ЬР",30.0,13770.0
70,"лнкнвйн дкъ рекю ╚аспанмяйюъ бюмхкэ╩, ЬР",29.0,12930.0
71,"оюптчлхпнбюммши яопеи дкъ рекю х бнкня ╚йнйнянбши нпеу╩, ЬР",29.0,18268.0
72,"фхдйне лшкн дкъ псй ╚люкхмю & оепевмюъ лърю╩, ЬР",28.0,7014.0
73,"аюкэгюл оняке апхрэъ,100 лк, ЬР",28.0,12182.0
74,"щйяопеяя-япедярбн дкъ ямърхъ люйхъфю я цкюг я бюяхкэйнл ахн - дкъ бнднярнийнцн люйхъфю, 200 лк, ЬР",28.0,15059.0
75,"нвхыючыхи цекэ дкъ слшбюмхъ я оепевмни лърни ахн - дкъ йнлахмхпнбюммни х фхпмни йнфх, 125 лк, ЬР",27.0,11820.0
76,"охрюрекэмши аюкэгюл дкъ цса я нрремйнл  ефебхйю , 4,8 ц, ЬР",26.0,5360.0
77,"ьюлосмэ сопсцхе кнйнмш я кэмнл ахн - аег яскэтюрнб - дкъ бэчыхуяъ бнкня, ЬР",26.0,10663.0
78,"цекэ-цнллюф дкъ слшбюмхъ опнрхб вепмшу рнвей я оепевмни лърни ахн - дкъ йнфх, яйкнммни й меянбепьемя, ЬР",26.0,11725.0
79,"ьюлосмэ опнрхб оепунрх я оепевмни лърни ахн - аег яскэтюрнб - дкъ бнкня, яйкнммшу й оепунрх, ЬР",26.0,12280.0
80,"оюптчлхпнбюммши яопеи дкъ рекю х бнкня ╚люкхмю & оепевмюъ лърю╩, ЬР",26.0,16505.0
81,"оюптчлхпнбюммши яопеи дкъ рекю х бнкня ╚люмцн & йнпхюмдп╩, ЬР",26.0,16602.0
82,"оюйер хб пнье 2019, ЬР",25.0,875.0
83,"йнмдхжхнмеп мефмнярэ я лнкнвйнл йюьрюмю ахн - дкъ мнплюкэмшу х ясуху бнкня, ЬР",25.0,10503.0
84,"сяонйюхбючыюъ лхжеккъпмюъ бндю дкъ ямърхъ люйхъфю C пнлюьйни ахн - дкъ всбярбхрекэмни йнфх, 200 лк, ЬР",25.0,12283.0
85,"рсюкермюъ бндю мюрчпщкэ , ткюйнм 75 лк, ЬР",25.0,62291.0
86,"сбкюфмъчыхи йпел дкъ псй ╚пюйхрмхй & бепеяй╩, ЬР",24.0,5742.0
87,"оюптчлхпнбюммши яопеи дкъ рекю х бнкня ╚лнпяйхе бнднпнякх & лнпяйни темуекэ╩, ЬР",24.0,15105.0
88,"рсьэ дкъ пеямхж назел х сдкхмемхе, ЬР",24.0,19104.0
89,"фхдйне лшкн дкъ псй ╚пюйхрмхй & бепеяй╩, ЬР",23.0,5629.0
90,"цекэ дкъ дсью х бюммш ╚нкхбю & оерхцпем╩, 200 ЛК, ЬР",23.0,5734.0
91,"ьюлосмэ цкюдйнярэ бнкня я оеорхдюлх пхяю - аег Cскэтюрнб - дкъ меоняксьмшу бнкня, ЬР",23.0,9241.0
92,"йпел-цекэ ╚хмремяхбмне сбкюфмемхе 48в╩ √ дкъ мнплюкэмни х йнлахмхпнбюммни йнфх, аюмнвйю, ЬР",23.0,20261.0
93,"фхдйне лшкн дкъ псй ╚люмцн & йнпхюмдп╩, ЬР",22.0,5236.0
94,"мюяшыючыхи йхякнпнднл лсяя дкъ слшбюмхъ я лхйпнбнднпнякълх-д/мнплюкэмни х йнлахмхпнбюммни йнфх,150лк, ЬР",22.0,15230.0
95,"лхжеккъпмюъ бндю дкъ ямърхъ люйхъфю 2 б 1 я лхйпнбнднпнякъл ?дкъ мнплюкэмни х йнлахмхп. йнфх, 400 лк, ЬР",22.0,15865.0
96,"охрюрекэмне лнкнвйн-йнлтнпр дкъ рекю х псй, ЬР",22.0,16526.0
97,"хмремяхбмши йпел нр лнпыхм дкъ кхжю, ьех х дейнкэре, ЬР",22.0,39669.0
98,"сбкюфмъчыхи йпел дкъ псй ╚нкхбю & оерхцпем╩, ЬР",21.0,4850.0
99,"охрюрекэмши аюкэгюл дкъ цса ╚бюмхкэ╩ 4,8ц, ЬР",21.0,4968.0
100,"сбкюфмъчыхи йпел дкъ псй дкхрекэмнцн деиярбхъ я юпмхйни, рчахй 75 лк, ЬР",21.0,5584.0
101,"цекэ дкъ дсью х бюммш цпеиотпср & рхлэъм ,  ткюйнм 400 лк, ЬР",21.0,7366.0
102,"яшбнпнрйю ╚хмремяхбмне сбкюфмемхе 100в╩ √ дкъ бяеу рхонб йнфх, ЬР",21.0,24721.0
103,"охрюрекэмши аюкэгюл дкъ цса я нрремйнл  люкхмю , 4,8 ц, ЬР",20.0,4297.0
104,"фхдйне лшкн дкъ псй ╚нкхбю & оерхцпем╩, ЬР",20.0,4514.0
105,"бняярюмюбкхбючыюъ люяйю я йюкемдскни ахн я мюяшыеммни рейярспни, ЬР",20.0,5378.0
106,"оюптчлхпнбюммши яопеи дкъ рекю х бнкня ╚аспанмяйюъ бюмхкэ╩, ЬР",20.0,12209.0
107,"нвхыючыее япедярбн & люяйю 3 б 1 я пюярхрекэмшл сцкел √ дкъ йнфх, яйкнммни й меянбепьемярбюл., ЬР",20.0,15714.0
108,"йпел дкъ йнмрспю цкюг нр лнпыхм & дкъ бняярюмнбкемхъ сопсцнярх, ЬР",20.0,25757.0
109,"щйняслйю 2022, ЬР",19.0,3013.0
110,"охрюрекэмши аюкэгюл дкъ цса ╚люмцн╩ 4,8ц, ЬР",19.0,4072.0
111,"цекэ дкъ дсью х бюммш цпюмюр & опъмше ъцндш , ткюйнм 400 лк, ЬР",19.0,6785.0
112,"бняярюмюбкхбючыхи аюкэгюл дкъ мнц, ЬР",19.0,8083.0
113,"лнкнвйн дкъ рекю люкхмю & лърю , ткюйнм 390 лк, ЬР",19.0,8498.0
114,"яхъчыюъ онлюдю-йюпюмдюь дкъ цса - 02. пнгнбне депебн, ЬР",19.0,10673.0
115,"сбкюфмъчыхи нябефючыхи цекэ дкъ йнмрспю цкюг нр якеднб сярюкнярх, ЬР",19.0,16578.0
116,"дмебмни йпел нр лнпыхм & дкъ бняярюмнбкемхъ сопсцнярх, ЬР",19.0,28073.0
117,"сбкюфмъчыхи йпел дкъ псй ╚йнйнянбши нпеу╩, ЬР",18.0,4363.0
118,"цекэ дкъ дсью б щйнтнплюре ╚лнпяйхе бнднпнякх╩  100лк, ЬР",18.0,5809.0
119,"нвхыючыхи княэнм, 150 лк, ЬР",18.0,7385.0
120,"нвхыючыхи цекэ дкъ слшбюмхъ я оепевмни лърни ахн - дкъ йнлахмхпнбюммни х фхпмни йнфх, 390 лк, ЬР",18.0,13472.0
121,"рсюкермюъ бндю THE VERT, 100 лк, ЬР",18.0,34802.0
122,"лшкн ╚нкхбю & оерхцпем╩, ЬР",17.0,3903.0
123,"япедярбн дкъ декхйюрмнцн ямърхъ люйхъфю я цкюг я бюяхкэйнл ахн - дкъ всбярбхрекэмшу цкюг, 100 лк, ЬР",17.0,4966.0
124,"лнмни.  ьюлосмэ дкъ бнкня х рекю б щйнтнплюре, ЬР",17.0,5092.0
125,"бняярюмюбкхбючыхи йпел - бяе рхош йнфх - демэ & мнвэ, аюмнвйю 50 лк, ЬР",17.0,9313.0
126,"йпел-цнллюф дкъ рекю ╚пюйхрмхй & бепеяй╩, ЬР",17.0,10218.0
127,"скэрпюнябефючыхи цнллюф дкъ яхъмхъ йнфх я лхйпнбнднпнякълх- дкъ мнплюкэмни х йнлахмхп. йнфх, 75лк, ЬР",17.0,11811.0
128,"акюцнрбнпмши йпел нр лнпыхм дкъ йнмрспю цкюг, ЬР",17.0,22612.0
129,"рсюкермюъ бндю  L EAU  лнлемр явюярэъ , ткюйнм я оскэбепхгюрнпнл 50 лк, ЬР",17.0,39270.0
130,"йнпнайю я нймнл аекюъ я жберюлх 2023, ЬР",16.0,1360.0
131,"лнкнвйн дкъ рекю я юпцюмхеи х пнгни  рпюдхжхх уюллюлю , 390 лк, ЬР",16.0,6109.0
132,"йнмдхжхнмеп сопсцхе кнйнмш я кэмнл ахн √ дкъ бэчыхуяъ бнкня, ЬР",16.0,6736.0
133,"йюпюмдюь дкъ апнбеи ? 02. оеоекэмши, ЬР",16.0,7441.0
134,"ьюлосмэ-цекэ дкъ дсью AMBRE NOIR , 200 лк, ЬР",16.0,8374.0
135,"бняярюмюбкхбючыхи йпел цксанйнцн деиярбхъ, ЬР",16.0,31900.0
136,"дмебмни йпел-йнппейрнп дкъ лнкнднярх йнфх - дКЪ БЯЕУ РХОНБ ЙНФХ, ЬР",16.0,32921.0
137,"лхмх нвхыючыее япедярбн &люяйю 3б1 я пюярхрекэмшл сцкел PURE MENTHE 2023 30лк _рхо ю, ЬР",15.0,1.0
138,"лхмх BN цнллюф бнднпнякх 2023 30ЛК_РХО ю, ЬР",15.0,3.0
139,"оюптчлхпнбюммши яопеи дкъ рекю х бнкня люмцн & йнпхюмдп , 100 лк, ЬР",15.0,2541.0
140,"лшкн ╚люмцн & йнпхюмдп╩, ЬР",15.0,3273.0
141,"сяонйюхбючыюъ люяйю я пнлюьйни ахн я кецйни рейярспни 30лк, ЬР",15.0,3857.0
142,"нвхыючыюъ лхжеккъпмюъ бндю дкъ ямърхъ люйхъфю я оепевмни лърни ахн -дкъ йнлахм.х фхпмни йнфх 200 лк, ЬР",15.0,7858.0
143,"оюптчлхпнбюммши яопеи дкъ рекю х бнкня ╚пюйхрмхй & бепеяй╩, ЬР",15.0,7950.0
144,"дмебмни йпел дкъ пюгцкюфхбюмхъ & яхъмхъ, ЬР",15.0,17072.0
145,"лхмх BN цд бнднпнякх 2023 50ЛК_РХО ю, ЬР",14.0,2.0
146,"лшкн ╚лнпяйхе бнднпнякх & лнпяйни темуекэ╩, ЬР",14.0,3235.0
147,"сбкюфмъчыхи йпел дкъ псй ╚юпцюмхъ & пнгю╩, ЬР",14.0,3542.0
148,"опнасфдючыхи яхъмхе яйпюа дкъ кхжю я пнлюьйни пхляйни ахн 30лк, ЬР",14.0,3896.0
149,"цекэ дкъ дсью х бюммш люкхмю & лърю ,  ткюйнм 400 лк, ЬР",14.0,4319.0
150,"оюптчлхпнбюммши яопеи дкъ рекю х бнкня ╚нкхбю & оерхцпем╩, ЬР",14.0,8045.0
151,"цекэ-цнллюф дкъ рекю ╚лнпяйхе бнднпнякх, ЬР",14.0,8654.0
152,"сяонйюхбючыхи кецйхи йпел я йнмжемрпюрнл пнлюьйх ахн - дкъ всбярбхрекэмни йнфх, 50лк, ЬР",14.0,14297.0
153,"оюптчлепмюъ бндю VERTE ENVOLEE, 30 лк, ЬР",14.0,34658.0
154,"лхмх BN лнкнвйн бнднпнякх 2023 50ЛК_РХО ю, ЬР",13.0,1.0
155,"сбкюфмъчыхи йпел дкъ псй ╚аспанмяйюъ бюмхкэ╩, ЬР",13.0,2836.0
156,"цекэ дкъ дсью х бюммш ╚аспанмяйюъ бюмхкэ╩, 200 лк, ЬР",13.0,3183.0
157,"ьюлосмэ-цекэ дкъ дсью  200 лк унццюп, ЬР",13.0,6071.0
158,"йюпюмдюь дкъ апнбеи леуюмхвеяйхи ? 02. оеоекэмши, ЬР",13.0,6215.0
159,"оюптчлхпнбюммши яопеи дкъ рекю х бнкня ╚юпцюмхъ & пнгю╩, ЬР",13.0,7689.0
160,"сйпеокъчыюъ яшбнпнрйю опнрхб кнлйнярх бнкня я фнфнаю ахн √ реплнгюыхрю дн 230╟ √ дкъ ясуху х онбпефд, ЬР",13.0,7821.0
161,"оюптчлхпнбюммши дегнднпюмр  йюй ъбмнярэ , яопеи 100 лк, ЬР",13.0,8407.0
162,"цсамюъ онлюдю ROUGE ELIXIR яюрхмнбюъ √ 18. жберсыюъ бхьмъ, ЬР",13.0,10961.0
163,"йнмжемрпхпнбюммюъ яшбнпнрйю дкъ бняярюмнбкемхъ сопсцнярх, ЬР",13.0,23113.0
164,"оюптчлепмюъ бндю SUR LA LANDE, 100 лк, ЬР",13.0,37776.0
165,"лшкн ╚люкхмю & оепевмюъ лърю╩, ЬР",12.0,2784.0
166,"цекэ дкъ дсью б щйнтнплюре ╚люмцн╩, ЬР",12.0,2862.0
167,"цекэ дкъ дсью х бюммш кнрня & ьюктеи ,  ткюйнм 400 лк, ЬР",12.0,4308.0
168,"нвхыючыхи ясуни ьюлосмэ вхярши дернйя я бнднпнякълх ахн √ дкъ мнплюкэмшу х фхпмшу бнкня, ЬР",12.0,4825.0
169,"цекэ-йнппейрнп SOS рнвевмнцн деиярбхъ √ дкъ йнфх, яйкнммни й меянбепьемярбюл,10 лк, ЬР",12.0,5300.0
170,"бнднярнийхи йюпюмдюь-ондбндйю дкъ йнмрспю цкюг ? 01. вепмши, ЬР",12.0,6149.0
171,"ьюлосмэ-цекэ дкъ дсью BOIS DE SAUGE, 200 лк, ЬР",12.0,6222.0
172,"оемхярши цекэ дкъ рекю х бнкня 200 лк йюй ъбмнярэ дкъ лсфвхм, ЬР",12.0,6793.0
173,"люякъмши цнллюф дкъ рекю ╚юпцюмхъ & пнгю╩, ЬР",12.0,7250.0
174,"рбепдши йнмдхжхнмеп я жбернвмшлх люякюлх ахн ≈ дкъ бяеу рхонб бнкня, ЬР",12.0,7980.0
175,"цекэ-йпел ╚мнкэ меднярюрйнб╩ √ дкъ йнлахмхпнбюммни х фхпмни йнфх,50 лк, ЬР",12.0,9183.0
176,"охрюрекэмши аюкэгюл-йнлтнпр я йнмжемрпюрнл пнлюьйх ахн - дкъ всбярбхрекэмни х ясуни йнфх, ЬР",12.0,11472.0
177,"янкмжегюыхрмне лнкнвйн дкъ кхжю х рекю SPF 50+, ткюйнм 150 лк, ЬР",12.0,13329.0
178,"акюцнрбнпмши мнвмни йпел нр лнпыхм, ЬР",12.0,18813.0
179,"дмебмни ткчхд нр лнпыхм & дкъ яхъмхъ йнфх, ЬР",12.0,19890.0
180,"оюптчлепмюъ бндю GARDEN PARTY, 100 лк, ЬР",12.0,32792.0
181,"яшбнпнрйю-йнппейрнп дкъ лнкнднярх йнфх, ЬР",12.0,34133.0
182,"фхдйне лшкн дкъ псй ╚аспанмяйюъ бюмхкэ╩, ЬР",11.0,2639.0
183,"цекэ дкъ дсью х бюммш ╚юпцюмхъ & пнгю╩, 200ЛК, ЬР",11.0,2682.0
184,"оюптчлхпнбюммши яопеи дкъ рекю х бнкня оепяхй & юмхя  ,100 лк, ЬР",11.0,2795.0
185,"лнкнвйн дкъ рекю кюбюмдю & ефебхйю , ткюйнм 390 лк, ЬР",11.0,4708.0
186,"сяонйюхбючыхи йпел дкъ ямърхъ люйхъфю я пнлюьйни ахн - дкъ всбярбхрекэмни йнфх, 125 лк, ЬР",11.0,4775.0
187,"йюпюмдюь дкъ йнмрспю цкюг ? 02. йнпхвмебши, ЬР",11.0,4822.0
188,"оюптчлхпнбюммши яопеи дкъ рекю х бнкня кеямюъ гелкъмхйю , 100 лк, ЬР",11.0,5272.0
189,"люрхпсчыхи княэнм-осдпю я оепевмни лърни ахн -  дкъ йнлахмхпнбюммни х фхпмни йнфх, 150 лк, ЬР",11.0,5399.0
190,"лъцйхи нвхыючыхи цекэ аег яскэтюрнб дкъ рекю х бнкня, ЬР",11.0,7035.0
191,"рбепдше дсух SUR LA LANDE, ЬР",11.0,10027.0
192,"янкмжегюыхрмне лнкнвйн дкъ кхжю х рекю SPF 30, ткюйнм 150 лк, ЬР",11.0,10772.0
193,"юмрхбнгпюярмни йпел дкъ йнмрспю цкюг, ЬР",11.0,22167.0
194,"оюкерйю  ремеи дкъ бей ╚пнгнбши цпюмхр╩, ЬР",10.0,2367.0
195,"лшкн ╚пюйхрмхй & бепеяй╩, ЬР",10.0,2390.0
196,"цекэ дкъ дсью б щйнтнплюре ╚нкхбю╩, ЬР",10.0,2790.0
197,"йпел дкъ псй дкъ йнппейжхх охцлемрмшу оърем SPF20, ЬР",10.0,4964.0
198,"ондбндйю-ткнлюяреп дкъ йнмрспю цкюг, ЬР",10.0,5047.0
199,"йюпюмдюь дкъ йнмрспю цса ROUGE ELIXIR √ 02. пнгнбне депебн, ЬР",10.0,5720.0
200,"люяйю бняярюмнбкемхе я фнфнаю ахн √ дкъ ясуху х онбпефдеммшу бнкня, ЬР",10.0,6340.0
201,"лнмни де рюхрх. сбкюфмъчыее ясуне люякн дкъ рекю х бнкня, ЬР",10.0,6360.0
202,"сяонйюхбючыюъ лхжеккъпмюъ бндю дкъ ямърхъ люйхъфю C пнлюьйни ахн - дкъ всбярбхрекэмни йнфх, 400 лк, ЬР",10.0,7186.0
203,"лнпяйне  феке  дкъ ямърхъ люйхъфю 3 б 1 C лхйпнбнднпнякълх - дкъ бяеу рхонб йнфх, 150 лк, ЬР",10.0,8330.0
204,"рсьэ дкъ пеямхж назел х ондйпсвхбюмхе, ЬР",10.0,8360.0
205,"рбепдше дсух CUIR DE NUIT, ЬР",10.0,8452.0
206,"рбепдше дсух SEL D AZUR, ЬР",10.0,8487.0
207,"ткчхд-яхъмхе я кхтрхмц-щттейрнл, ЬР",10.0,17185.0
208,"оюптчлепмюъ бндю SEL D/AZUR, 30 лк, ЬР",10.0,25622.0
209,"лхмх цекэ-йпел цхдпю беферюкэ 2023 7лк, ЬР",9.0,1.0
210,"лнмни де рюхрх. сбкюфмъчыхи йпел дкъ псй, ЬР",9.0,2237.0
211,"щйяопеяя-япедярбн дкъ ямърхъ люйхъфю я цкюг я бюяхкэйнл ахн - дкъ бнднярнийнцн люйхъфю, 100 лк, ЬР",9.0,3475.0
212,"нукюфдючыхи цекэ дкъ ямърхъ сярюкнярх мнц, ЬР",9.0,3942.0
213,"рсьэ дкъ апнбеи ? 05.релмши апчмер, ЬР",9.0,4354.0
214,"йнмдхжхнмеп опнрхб бшоюдемхъ бнкня я аекшл кчохмнл √ дкъ някюакеммшу бнкнC, ЬР",9.0,4575.0
215,"люяйю акеяй х ярнийнярэ жберю я люкхмнбшл сйясянл √ дкъ нйпюьеммшу х рсяйкшу бнкня, ЬР",9.0,5707.0
216,"рейярспхпсчыхи йпел сопсцхе кнйнмш я кэмнл ахн √ дкъ бэчыхуяъ бнкня, ЬР",9.0,5982.0
217,"мюяшыючыюъ йхякнпнднл сбкюфмъчыюъ люяйю я лхйпнбнднпнякълх - дкъ мнплюкэмни х йнлахмхп. йнфх, 75 лк, ЬР",9.0,6324.0
218,"цсамюъ онлюдю ROUGE ELIXIR яюрхмнбюъ √ 02. фекюммши пнгнбши, ЬР",9.0,6440.0
219,"сбкюфмъчыхи йпел опнрхб меянбепьемярб √ дкъ йнфх, яйкнммни й меянбепьемярбюл,40 лк, ЬР",9.0,6663.0
220,"йпел-цекэ ╚хмремяхбмне сбкюфмемхе 48в╩ √ дкъ мнплюкэмни х йнлахмхпнбюммни йнфх, рчахй, ЬР",9.0,7678.0
221,"осдпю-уюикюиреп √ гнкнрхярши, ЬР",9.0,8101.0
222,"пюяяшовюрюъ осдпю, рнм смхбепяюкэмши, ЬР",9.0,8877.0
223,"рсюкермюъ бндю BOIS DE SAUGE, 100 лк, ЬР",9.0,24198.0
224,"оюптчлепмюъ бндю VERTE ENVOLEE, 100 лк, ЬР",9.0,24239.0
225,"фхдйне лшкн дкъ псй ╚йнйнянбши нпеу╩, ЬР",8.0,2072.0
226,"нйпюяйю апнбеи, ЬР",8.0,2160.0
227,"лнкнвйн дкъ рекю кхлнм & аюгхкхй , ткюйнм 390 лк, ЬР",8.0,3550.0
228,"йюпюмдюь дкъ йнмрспю цкюг ? 03. юмрпюжхрнбши, ЬР",8.0,3658.0
229,"рбепдши ьюлосмэ акеяй я йюкемдскни ахн ? дкъ рсяйкшу хкх нйпюьеммшу бнкня, 60 ц, ЬР",8.0,4456.0
230,"цекэ-цнллюф дкъ рекю ╚люкхмю & оепевмюъ лърю╩, ЬР",8.0,4990.0
231,"сяонйюхбючыее люякн дкъ ямърхъ люйхъфю я пнлюьйни ахн - дкъ всбярбхрекэмни йнфх, 150 лк, ЬР",8.0,5408.0
232,"люяйю-щйятнкхюмр 2 б 1 вхярши дернйя C бнднпнякълх ахн √ дкъ мнплюкэмшу х фхпмшу бнкня, ЬР",8.0,5568.0
233,"сйяся-нонкюяйхбюрекэ акеяй я люкхмнбшл сйясянл √ дкъ рсяйкшу бнкня, ЬР",8.0,5890.0
234,"кюй дкъ цса я люрнбшл щттейрнл - 102, 7 лк, ЬР",8.0,6083.0
235,"цекэ-йпел  мнкэ меднярюрйнб , 50 лк, ЬР",8.0,6469.0
236,"рсьэ дкъ пеямхж ╚лерюлнптнгю╩ назел, сдкхмемхе х ондйпсвхбюмхе,  02. йнпхвмебши, ЬР",8.0,6674.0
237,"люякн дкъ рекю х бнкня ╚юпцюмхъ╩, ЬР",8.0,6792.0
238,"акюцнрбнпмши дмебмни йпел нр лнпыхм, ЬР",8.0,13789.0
239,"йнппейжхъ апнбеи, ЬР",7.0,270.0
240,"йнпнайю цхцхемш япедмъъ 2023, ЬР",7.0,485.0
241,"йнялерхвйю дкъ сундю гю кхжнл люкюъ 2022, ЬР",7.0,770.0
242,"лшкн ╚аспанмяйюъ бюмхкэ╩, ЬР",7.0,1502.0
243,"охрюрекэмши аюкэгюл дкъ цса  йюпхре , 4,8 ц, ЬР",7.0,1533.0
244,"цекэ дкъ дсью THE VERT, 200 лк, ЬР",7.0,2350.0
245,"цекэ дкъ  дсью х бюммш люцмнкхъ & аекши вюи , ткюйнм 400 лк, ЬР",7.0,2513.0
246,"лнкнвйн дкъ рекю кеямюъ гелкъмхйю , ткюйнм 390 лк, ЬР",7.0,2621.0
247,"охрюрекэмши юмрхбнгпюярмни аюкэгюл дкъ цса, ЬР",7.0,3004.0
248,"йпел-цнллюф дкъ рекю ╚йнйнянбши нпеу╩, ЬР",7.0,3876.0
249,"фхдйюъ ондбндйю дкъ цкюг ? 01.вепмши люрнбши, ЬР",7.0,3896.0
250,"лнкнвйн-яопеи мефмнярэ дкъ кецйнцн пюявеяшбюмхъ я лнкнвйнл йюьрюмю ахн √ дкъ мнплюкэмшу х ясуху бнкн, ЬР",7.0,4269.0
251,"нвхыючыюъ онпш люяйю я сцкел я оепевмни лърни ахн - дкъ йнфх, яйкнммни й меянбепьемярбюл, 75 лк, ЬР",7.0,4741.0
252,"нвхыючыюъ лхжеккъпмюъ бндю дкъ ямърхъ люйхъфю я оепевмни лърни ахн -дкъ йнлахм.х фхпмни йнфх, 400 лк, ЬР",7.0,4907.0
253,"бнднярнийюъ рсьэ дкъ пеямхж ╚лерюлнптнгю╩ назел, сдкхмемхе х ондйпсвхбюмхе, 01. вепмши, ЬР",7.0,5646.0
254,"ефедмебмюъ яшбнпнрйю дкъ сйпеокемхъ & гюыхрш нр мецюрхбмшу тюйрнпнб, ЬР",7.0,14201.0
255,"оюптчлепмюъ бндю MON EVIDENCE 50 лк, ЬР",7.0,14219.0
256,"мнвмни йпел-йнлтнпр дкъ лнкнднярх йнфх, ЬР",7.0,14264.0
257,"рсюкермюъ бндю  унццюп , 50 лк, ЬР",7.0,17411.0
258,"ахпчгнбюъ хгнреплхвеяйюъ йнялерхвйю 07/23_рхо A, ЬР",6.0,4.0
259,"лшкн ╚йнйнянбши нпеу╩, ЬР",6.0,1419.0
260,"цекэ дкъ дсью х бюммш кеямюъ гелкъмхйю ,  ткюйнм 400 лк, ЬР",6.0,1992.0
261,"цекэ дкъ дсью х бюммш люмцн & йнпхюмдп ,  ткюйнм 400 лк, ЬР",6.0,2100.0
262,"цекэ-щйятнкхюмр дкъ мнц, ЬР",6.0,2524.0
263,"лнмни. оюптчлхпнбюммши яопеи дкъ рекю х бнкня, ЬР",6.0,2775.0
264,"рсьэ дкъ апнбеи ? 03. ьюрем, ЬР",6.0,3097.0
265,"цсамюъ онлюдю ROUGE ELIXIR яхъчыюъ √ 03. пнгнбюъ йюлекхъ, ЬР",6.0,3370.0
266,"пюгцкюфхбючыхи княэнм я йюкемдскни ахн - дкъ гпекни йнфх, 200 лк, ЬР",6.0,3472.0
267,"скэрпюярнийхе ремх-йюпюмдюь ? 09. цпютхр, ЬР",6.0,4488.0
268,"лнкнвйн-юбрнгюцюп, 100 лк, ЬР",6.0,5127.0
269,"цсамюъ онлюдю ROUGE ELIXIR яюрхмнбюъ √ 04. нвюпнбюрекэмши юапхйня, ЬР",6.0,5216.0
270,"яшбнпнрйю дкъ бняярюмнбкемхъ аюкюмяю я юмрхнйяхдюмрмшл щттейрнл √ дкъ йнлахмхп. х фхпмни йнфх,30 лк, ЬР",6.0,5751.0
271,"бшпюбмхбючыюъ яшбнпнрйю я юмрхнйяхдюмрмшл щттейрнл, 30 лк, ЬР",6.0,5893.0
272,"сбкюфмъчыхи йпел опнрхб меянбепьемярб, 40 лк, ЬР",6.0,5940.0
273,"янкмжегюыхрмши юмрхбнгпюярмни йпел дкъ кхжю SPF 50+, рчахй 40 лк, ЬР",6.0,6510.0
274,"рсюкермюъ бндю яERISIER , 100 лк, ЬР",6.0,7479.0
275,"бняйнбюъ деохкъжхъ онкмне цксанйне ахйхмх, ЬР",6.0,8340.0
276,"мнвмни сунд-люяйю дкъ бняярюмнбкемхъ, ЬР",6.0,9580.0
277,"рсюкермюъ бндю VERVEINE  , 100 лк, ЬР",6.0,11899.0
278,"люрхпсчыхи сунд я осдпни анпеюкэмнцн вюъ, ЬР",6.0,11940.0
279,"оюптчлепмюъ бндю SEL D/AZUR, 100 лк, ЬР",6.0,12871.0
280,"йпел я кхтрхмц-щттейрнл - демэ, 50 лк, ЬР",6.0,13381.0
281,"оюптчлепмюъ бндю йюй ъбмнярэ , ткюйнм я оскэбепхгюрнпнл 50 лк, ЬР",6.0,15124.0
282,"оюптчлепмюъ бндю SUR LA LANDE, 30 лк, ЬР",6.0,15737.0
283,"рсюкермюъ бндю AMBRE NOIR, яопеи 100 лк, ЬР",6.0,18262.0
284,"рсюкермюъ бндю CUIR VETIVER, ткюйнм 100 лк, ЬР",6.0,18408.0
285,"оюйер я жберюлх 2023, ЬР",5.0,300.0
286,"люяйю ярнийнярэ жберю - дкъ нйпюьеммшу бнкня 35лк, ЬР",5.0,948.0
287,"йпел дкъ псй  люмцн & йнпхюмдп, ЬР",5.0,1047.0
288,"цекэ дкъ дсью ROSE, 200 лк, ЬР",5.0,1294.0
289,"цекэ дкъ дсью б щйнтнплюре ╚люкхмю╩, ЬР",5.0,1395.0
290,"бняйнбюъ деохкъжхъ апнбх, ЬР",5.0,1450.0
291,"бняйнбюъ деохкъжхъ бепумъъ цсаю, ЬР",5.0,1450.0
292,"цекэ дкъ дсью б щйнтнплюре ╚йнйня╩, ЬР",5.0,1536.0
293,"пюярхрекэмши цнллюф дкъ рекю я осдпни йнярнвей юапхйняю , 150 лк, ЬР",5.0,1631.0
294,"щйяопеяя-япедярбн дкъ ямърхъ кюйю GO GREEN, ЬР",5.0,1750.0
295,"йюпюмдюь дкъ апнбеи леуюмхвеяйхи ? 05. релмши апчмер, ЬР",5.0,1964.0
296,"сяонйюхбючыее рнмхгхпсчыее лнкнвйн дкъ ямърхъ люйхъфю 2 б 1 я пнлюьйни ахн - дкъ всбярбхрекэмни йнфх, ЬР",5.0,2181.0
297,"йюпюмдюь дкъ апнбеи ? 05.релмши апчмер, ЬР",5.0,2289.0
298,"аюгнбне онйпшрхе дкъ мнцреи GO GREEN, ЬР",5.0,2371.0
299,"йюпюмдюь дкъ апнбеи ? 03. ьюрем, ЬР",5.0,2379.0
300,"бняярюмюбкхбючыхи аюкэгюл дкъ псй 50лк, ЬР",5.0,2469.0
301,"яхъчыюъ онлюдю-йюпюмдюь дкъ цса - 05. пнгнбши янпаер, ЬР",5.0,2487.0
302,"оюптчлхпнбюммши цекэ дкъ рекю х бнкня CUIR VETIVER, рчахй 200 лк, ЬР",5.0,2643.0
303,"охрюрекэмне люякн дкъ бнкня я люякнл фнфнаю ахн √ дкъ ясуху х онбпефдеммшу бнкня 100лк, ЬР",5.0,2877.0
304,"лнмни де рюхрх. рпюдхжхнммне охрюрекэмне люякн, ЬР",5.0,3520.0
305,"рсьэ дкъ пеямхж ╚лерюлнптнгю╩ назел, сдкхмемхе х ондйпсвхбюмхе, 03. яхмхи, ЬР",5.0,4114.0
306,"йнлоюйрмюъ осдпю  √  аефебши 100, ЬР",5.0,4620.0
307,"цекэ дкъ йнмрспю цкюг я бюяхкэйнл ахн, ЬР",5.0,4750.0
308,"янкмжегюыхрмне лнкнвйн-яопеи дкъ рекю SPF 30, ткюйнм 150 лк, ЬР",5.0,5659.0
309,"йпел-цекэ дкъ йнфх бнйпсц цкюг я кхтрхмц-щттейрнл & нр леьйнб онд цкюгюлх 50лк, ЬР",5.0,6905.0
310,"рсюкермюъ бндю AMBRE NOIR, яопеи 50 лк, ЬР",5.0,13139.0
311,"дсух  йюй ъбмнярэ , ткюйнм 30 лк, ЬР",5.0,13215.0
312,"оюптчлепмюъ бндю INTENSE йюй ъбмнярэ , ткюйнм я оскэбепхгюрнпнл 50 лк, ЬР",5.0,15189.0
313,"рсюкермюъ бндю  унццюп , 100 лк, ЬР",5.0,16328.0
314,"лхдх рсьэ лерюлнптнгю бнднярнийюъ вепмюъ 5лк_рхо B, ЬР",4.0,2.0
315,"яслйю я лнпяйхл дхгюимнл 07/23_рхо B, ЬР",4.0,4.0
316,"онкнремже 3535 (AUA92), ЬР",4.0,60.0
317,"йпютр-йнялерхвйю япедмъъ 2019, ЬР",4.0,320.0
318,"нвхыючыюъ люяйю я оепевмни лърни ахн я цекебни рейярспни 30лк, ЬР",4.0,877.0
319,"цекэ дкъ дсью  йнте  200лк, ЬР",4.0,1010.0
320,"цекэ-цнллюф дкъ слшбюмхъ опнрхб вепмшу рнвей 3 б 1я оепевмни лърни ахн-д/йнфх, яйкнммни й меянбепьем, ЬР",4.0,1167.0
321,"нвхыючыюъ люяйю я оепевмни лърни ахн я цекебни рейярспни, ЬР",4.0,1291.0
322,"лнкнвйн дкъ рекю люмцн & йнпхюмдп , ткюйнм 390 лк, ЬР",4.0,1348.0
323,"цекэ дкъ дсью х бюммш кхлнм & аюгхкхй ,  ткюйнм 400 лк, ЬР",4.0,1436.0
324,"скэрпюгбсйнбюъ вхярйю, ЬР",4.0,1560.0
325,"рсьэ дкъ апнбеи ? 04. апчмер, ЬР",4.0,1638.0
326,"яхъчыюъ онлюдю-йюпюмдюь дкъ цса - 01. аефебши оеянй, ЬР",4.0,1824.0
327,"лнкнвйн дкъ рекю нкхбю & оерхцпем , ткюйнм 390 лк, ЬР",4.0,1836.0
328,"охрюрекэмши цнллюф дкъ рекю я люякнл йюпхре, 150 лк, ЬР",4.0,1954.0
329,"оюптчлхпнбюммши яопеи дкъ рекю х бнкня люкхмю & лърю , 100 лк, ЬР",4.0,1977.0
330,"ремх дкъ бей  √  10. декхйюрмши аефебши, ЬР",4.0,1982.0
331,"бепумее онйпшрхе дкъ мнцреи я цекебшл щттейрнл GO GREEN, ЬР",4.0,2033.0
332,"ткчхд цкюдйнярэ бнкня я оеорхдюлх пхяю  √ реплнгюыхрю дн 230╟ √ дкъ меоняксьмшу бнкня, ЬР",4.0,2212.0
333,"кюй дкъ цса я люрнбшл щттейрнл - 101, 7 лк, ЬР",4.0,2407.0
334,"цсамюъ онлюдю ROUGE ELIXIR яхъчыюъ √ 01. лепжючыхи пнгнбши, ЬР",4.0,2415.0
335,"люрхпсчыхи рнмюкэмши йпел, слемэьючыхи бхдхлнярэ онп √ пНГНБШИ 050, ЬР",4.0,2451.0
336,"нвхыючыхи цнллюф я оепевмни лърни ахн - дкъ йнлахмхпнбюммни х фхпмни йнфх, 75 лк, ЬР",4.0,2576.0
337,"нябефючыхи яопеи вхярши дернйя, меирпюкхгсчыхи гюоюух, я бнднпнякълх ахн √ дкъ мнплюкэмшу х фхпмшу б, ЬР",4.0,2740.0
338,"бняярюмюбкхбючыхи пюярхрекэмши аюкэгюл я люякнл фнфнаю ахн √ дкъ ясуху х онбпефдеммшу бнкня, ЬР",4.0,2950.0
339,"рбепдши щйятнкхюмр дкъ кхжю я оепевмни лърни ахн √ дкъ йнлахмхпнбюммни х фхпмни йнфх, ЬР",4.0,2975.0
340,"рбепдне нвхыючыее япедярбн дкъ кхжю я йюкемдскни ахн √ дкъ бяеу рхонб йнфх, ЬР",4.0,3028.0
341,"акеяй дкъ цса ROUGE ELIXIR √ 03. мефмши пнгнбши 7лк, ЬР",4.0,3268.0
342,"рбепдше дсух PLEIN SOLEIL, ЬР",4.0,3823.0
343,"акеяй дкъ цса ROUGE ELIXIR √ 04. пюднярмши йнпюккнбши, ЬР",4.0,3868.0
344,"рнмюкэмши йпел ╚яхъмхе х гюыхрю нр мецюрхбмшу тюйрнпнб нйпсфючыеи япедш╩ 10в √  аЕФЕБШИ 100, ЬР",4.0,4432.0
345,"янкмжегюыхрмне лнкнвйн дкъ рекю SPF 50+, ткюйнм 150 лк, ЬР",4.0,4457.0
346,"мнвмни йпел нр лнпыхм & дкъ бняярюмнбкемхъ сопсцнярх, ЬР",4.0,6561.0
347,"оюптчлепмюъ бндю CUIR DE NUIT, 100 лк, ЬР",4.0,6959.0
348,"бняярюмюбкхбючыхи дбсутюгмши мнвмни йнмжемрпюр дкъ лнкнднярх йнфх, 30лк, ЬР",4.0,6967.0
349,"мнвмни сйпеокъчыхи йпел я кхтрхмц-щттейрнл, ЬР",4.0,7533.0
350,"йпел-цекэ дкъ йнфх бнйпсц цкюг я кхтрхмц-щттейрнл & нр леьйнб  онд цкюгюлх, 14 лк, ЬР",4.0,7839.0
351,"сяонйюхбючыхи сунд я щйярпюйрнл яхцегаейхх бнярнвмни, ЬР",4.0,7960.0
352,"рсюкермюъ бндю ROSE, 100 лк, ЬР",4.0,8678.0
353,"йнлокейямюъ скэрпюгбсйнбюъ нвхыючыюъ опнжедспю, ЬР",4.0,9960.0
354,"оюптчлепмюъ бндю PLEIN SOLEIL, 100 лк, ЬР",4.0,10080.0
355,"йнмжемрпхпнбюммюъ яшбнпнрйю я кхтрхмц-щттейрнл, 30 лк, ЬР",4.0,10243.0
356,"оюптчлепмюъ бндю GARDEN PARTY, 30 лк, ЬР",4.0,10259.0
357,"оюптчлепмюъ бндю MATIN BLANC, 100 лк, ЬР",4.0,11038.0
358,"йпютр-йнялерхвйю япедмъъ 2022, ЬР",3.0,285.0
359,"щйнлеьнвей 2023, ЬР",3.0,300.0
360,"охрюрекэмши аюкэгюл дкъ цса я нрремйнл  люмцн , 4,8 ц, ЬР",3.0,491.0
361,"охрюрекэмши аюкэгюл дкъ цса  бюмхкэ , 4,8 ц, ЬР",3.0,657.0
362,"лшкн йнйнянбши нпеу , 80 ц, ЬР",3.0,701.0
363,"лшкн аспанмяйюъ бюмхкэ , 80 ц, ЬР",3.0,717.0
364,"лшкн кюбюмдю & ефебхйю , 80 ц, ЬР",3.0,717.0
365,"фхдйне лшкн дкъ псй нкхбю & оерхцпем  190 лк, ЬР",3.0,722.0
366,"цекэ дкъ дсью б щйнтнплюре  кнрня , 100 лк, ЬР",3.0,954.0
367,"цекэ дкъ дсью б щйнтнплюре ╚пюйхрмхй╩, ЬР",3.0,987.0
368,"йюпюмдюь дкъ йнмрспю цкюг ? 01. вепмши, ЬР",3.0,988.0
369,"пюгцкюфхбючыее лнкнвйн дкъ ямърхъ люйхъфю я йюкемдскни ахн - дкъ гпекни йнфх, 200 лк, ЬР",3.0,1016.0
370,"цекэ дкъ  дсью х бюммш кюбюмдю & ефебхйю ,  ткюйнм 400 лк, ЬР",3.0,1077.0
371,"бняйнбюъ деохкъжхъ кхжн, ЬР",3.0,1350.0
372,"рбепдши ьюлосмэ охрюмхе я жбернвмшлх люякюлх ахн ? дкъ ясуху хкх онбпефдеммшу бнкня, 60 ц, ЬР",3.0,1423.0
373,"люякн-щйятнкхюмр дкъ псй 75лк, ЬР",3.0,1488.0
374,"рбепдши ьюлосмэ нвхыемхе я оепевмни лърни ахн √ дкъ фхпмшу бнкня, 60 ц, ЬР",3.0,1492.0
375,"бнднярнийхи йюпюмдюь-ондбндйю дкъ йнмрспю цкюг ? 05. гекемши, ЬР",3.0,1558.0
376,"йюпюмдюь дкъ апнбеи леуюмхвеяйхи ? 03. ьюрем, ЬР",3.0,1575.0
377,"ремх дкъ бей  √  23. акюцнпндмши гекемши, ЬР",3.0,1603.0
378,"цнллюф дкъ рекю я дернйя-щттейрнл C дпебеямшл сцкел, 150 лк, ЬР",3.0,1615.0
379,"ремх дкъ бей  √  20. бнгдсьмши цнксани, ЬР",3.0,1708.0
380,"скэрпюярнийхе ремх-йюпюмдюь ? 07. яепн-йнпхвмебши, ЬР",3.0,1727.0
381,"яхъчыюъ онлюдю-йюпюмдюь дкъ цса - 03. пнгнбши йнпюкк, ЬР",3.0,1758.0
382,"йнмяхкеп янбепьеммне онйпшрхе х яхъмхе  - пнгнбши 200, ЬР",3.0,1904.0
383,"люякн дкъ рекю йнйнянбши нпеу , ткюйнм 150 лк, ЬР",3.0,1977.0
384,"кецйхи рнмюкэмши йпел ╚еCреярбеммне яхъмхе╩ √ 03. яКНМНБЮЪ йНЯРЭ, ЬР",3.0,2039.0
385,"кецйхи рнмюкэмши йпел ╚еCреярбеммне яхъмхе╩ √ 02. пНГНБШИ, ЬР",3.0,2076.0
386,"скэрпюярнийхе ремх-йюпюмдюь √ 02. гнкнрни оеянй, ЬР",3.0,2079.0
387,"йнмяхкеп янбепьеммне онйпшрхе х яхъмхе  - аефебши 025, ЬР",3.0,2358.0
388,"цсамюъ онлюдю ROUGE ELIXIR яюрхмнбюъ √ 08. вюпсчыхи йнпхвмебши, ЬР",3.0,2668.0
389,"осдпю-уюикюиреп √ апнмгнбши, ЬР",3.0,2688.0
390,"йнлоюйрмюъ осдпю  √  пнгнбши 100, ЬР",3.0,2772.0
391,"сбкюфмъчыхи кецйхи йпел дкъ кхжю 24в, ЬР",3.0,3009.0
392,"щлскэяхъ дкъ няберкемхъ йнфх SPF30, ЬР",3.0,3112.0
393,"сйпеокъчыюъ яшбнпнрйю-асяреп дкъ йнфх цнкнбш я фемэьемел √ дкъ някюакеммшу х кхьеммшу окнрмнярх бнкн, ЬР",3.0,3255.0
394,"йнлоюйрмюъ осдпю  √  пнгнбши 200, ЬР",3.0,3366.0
395,"рнмюкэмши йпел ╚яхъмхе х гюыхрю нр мецюрхбмшу тюйрнпнб нйпсфючыеи япедш╩ 10в √  пНГНБШИ 200, ЬР",3.0,3446.0
396,"рнмюкэмши йпел ╚яхъмхе х гюыхрю нр мецюрхбмшу тюйрнпнб нйпсфючыеи япедш╩ 10в √  аЕФЕБШИ 200, ЬР",3.0,3633.0
397,"BB йпел янбепьеммюъ йнфю  6 б 1 - аефебши, 50 лк, ЬР",3.0,4260.0
398,"дмебмни йпел дкъ бняярюмнбкемхъ & гюыхрш нр мецюрхбмшу тюйрнпнб, ЬР",3.0,4401.0
399,"охрюрекэмши йнлокейя люяек я щйярпюйрнл х кеоеярйюлх пнгш √ дКЪ яСУНИ йНФХ, ЬР",3.0,4750.0
400,"дмебмни йпел-йнппейрнп дкъ лнкнднярх йнфх - дКЪ ЯСУНИ ЙНФХ, ЬР",3.0,5699.0
401,"оюптчлепмюъ бндю PLEIN SOLEIL, 30 лк, ЬР",3.0,6879.0
402,"рсюкермюъ бндю йюй ъбмнярэ дкъ лсфвхм , 50 лк, ЬР",3.0,7296.0
403,"оюптчлепмюъ бндю MATIN BLANC, 30 лк, ЬР",3.0,7560.0
404,"рсюкермюъ бндю BOIS DE SAUGE, 50 лк, ЬР",3.0,7560.0
405,"оюптчлепмюъ бндю VOILE D/OCRE, 100 лк, ЬР",3.0,7678.0
406,"оюптчлепмюъ бндю MON ROUGE 50 лк, ЬР",3.0,8631.0
407,"рсюкермюъ бндю йюй ъбмнярэ дкъ лсфвхм , 100 лк, ЬР",3.0,9030.0
408,"йнпнайю гнкнрюъ люкюъ 2022, ЬР",2.0,100.0
409,"йнпнайю гнкнрюъ япедмъъ 2022, ЬР",2.0,100.0
410,"цекэ дкъ дсью  йнте  400лк, ЬР",2.0,337.0
411,"люяйю дкъ йнпмеи бнкня нвхыемхе - дкъ бнкня фхпмшу с йнпмеи, ЬР",2.0,354.0
412,"цекэ дкъ дсью х бюммш кеямюъ гелкъмхйю ,  ткюйнм 200 лк, ЬР",2.0,375.0
413,"люяйю дкъ бяеи дкхмш бнкня охрюмхе - дкъ ясуху бнкня 35лк, ЬР",2.0,408.0
414,"цекэ дкъ дсью х бюммш йнйнянбши нпеу ,  ткюйнм 200 лк, ЬР",2.0,466.0
415,"йнппейрнп √ аефебши 150, ЬР",2.0,498.0
416,"йпел дкъ псй  кнрня & ьюктеи , 30 лк, ЬР",2.0,498.0
417,"цекэ дкъ дсью х бюммш я юпцюмхеи х пнгни рпюдхжхх уюллюлю , 200 лк, ЬР",2.0,518.0
418,"люяйю дкъ йнмвхйнб бнкня бняярюмнбкемхе - дкъ онбпефдеммшу бнкня 35лк, ЬР",2.0,538.0
419,"нйпюяйю пеямхж, ЬР",2.0,540.0
420,"яхъчыюъ онлюдю-йюпюмдюь дкъ цса - 07. йпюямюъ йюлекхъ, ЬР",2.0,548.0
421,"цекэ дкъ дсью яERISIER , 200 лк, ЬР",2.0,556.0
422,"цекэ дкъ дсью б щйнтнплюре кюбюмдю, ЬР",2.0,658.0
423,"охрюрекэмши йпел дкъ мнц, ЬР",2.0,802.0
424,"люякн дкъ рекю люмдюпхм, кхлнм & йедп , ткюйнм 150 лк, ЬР",2.0,818.0
425,"яхъчыюъ онлюдю-йюпюмдюь дкъ цса - 08. янвмюъ люкхмю, ЬР",2.0,830.0
426,"йюпюмдюь дкъ йнмрспю цса ROUGE ELIXIR √ 01. аеглърефмши йнтеимши, ЬР",2.0,865.0
427,"ремх дкъ бей  √  06. янкмевмне гнкнрн, ЬР",2.0,887.0
428,"бняйнбюъ деохкъжхъ ондлшьйх, ЬР",2.0,900.0
429,"лнкнвйн дкъ рекю йнйнянбши нпеу , ткюйнм 390 лк, ЬР",2.0,918.0
430,"цекэ-йнппейрнп рнвевмнцн деиярбхъ, ЬР",2.0,938.0
431,"пслъмю  √  07. мюярспжхъ, ЬР",2.0,977.0
432,"йнппейрнп √ пнгнбши 050, ЬР",2.0,1045.0
433,"сбкюфмъчыее лнкнвйн дкъ рекю я сйпеокъчыхл щттейрнл, рчахй 200 лк, ЬР",2.0,1050.0
434,"кюй дкъ мнцреи GO GREEN - 17. оепкюлсрпнбюъ йюлекхъ, ЬР",2.0,1054.0
435,"йнппейрнп √ пнгнбши 100, ЬР",2.0,1120.0
436,"цсамюъ онлюдю ROUGE ELIXIR яюрхмнбюъ √ 19. леврюрекэмши кюбюмднбши, ЬР",2.0,1125.0
437,"йнппейрхпсчыхи гекемши йпел я йнмжемрпюрнл пнлюьйх ахн-д/всбярб йнфх, яйкнммни й онйпюямемхъл, 40лк, ЬР",2.0,1141.0
438,"Oвхыючыее лнкнвйн-лсяя дкъ яхъмхъ йнфх, ЬР",2.0,1150.0
439,"бнднярнийхи йюпюмдюь-ондбндйю дкъ йнмрспю цкюг ? 03. йюьрюмнбши, ЬР",2.0,1162.0
440,"кецйхи рнмюкэмши йпел ╚еCреярбеммне яхъмхе╩ √ 04. аЕФЕБШИ, ЬР",2.0,1162.0
441,"люрхпсчыхи рнмюкэмши йпел, слемэьючыхи бхдхлнярэ онп √ пНГНБШИ 200, ЬР",2.0,1192.0
442,"люякн-щкхйяхп дкъ мнцреи GO GREEN, ЬР",2.0,1211.0
443,"оюптчлхпнбюммши цекэ дкъ бюммш х дсью  йюй ъбмнярэ , ткюйнм 200 лк, ЬР",2.0,1224.0
444,"бняйнбюъ деохкъжхъ цнкемх, ЬР",2.0,1300.0
445,"рбепдши ьюлосмэ мефмнярэ я пнлюьйни ахн ? дкъ бяеу рхонб бнкня, 60 ц, ЬР",2.0,1302.0
446,"люякн дкъ рекю ткепднпюмф, кюбюмдю & оерхцпем , ткюйнм 150 лк, ЬР",2.0,1318.0
447,"пслъмю  √  03. пнгнбне депебн, ЬР",2.0,1330.0
448,"BB йпел янбепьеммюъ йнфю  6 б 1 - яберкн-аефебши, 50 лк, ЬР",2.0,1374.0
449,"цекэ дкъ сярюкшу мнц, ткйнм 200 лк, ЬР",2.0,1386.0
450,"скэрпюярнийхе ремх-йюпюмдюь ? 01. мчднбн-пнгнбши, ЬР",2.0,1386.0
451,"скэрпюярнийхе ремх-йюпюмдюь ? 03. апнмгнбши, ЬР",2.0,1386.0
452,"сйяся-нонкюяйхбюрекэ дернйя я лнпхмцни √ дкъ бяеу рхонб бнкня, 150 лк, ЬР",2.0,1395.0
453,"люрхпсчыхи рнмюкэмши йпел, слемэьючыхи бхдхлнярэ онп √ аЕФЕБШИ 100, ЬР",2.0,1404.0
454,"6. йхярэ дкъ пюярсьебйх ремеи, ЬР",2.0,1441.0
455,"цсамюъ онлюдю ROUGE ELIXIR яюрхмнбюъ √ 15. кчахлши цпюмюрнбши, ЬР",2.0,1518.0
456,"йнмяхкеп янбепьеммне онйпшрхе х яхъмхе  - пнгнбши 100, ЬР",2.0,1568.0
457,"цсамюъ онлюдю ROUGE ELIXIR люрнбюъ √ 02. пнлюмрхвмши оепяхйнбши, ЬР",2.0,1610.0
458,"цсамюъ онлюдю ROUGE ELIXIR яюрхмнбюъ √ 01. пнлюмрхвмши пнгнбши, ЬР",2.0,1610.0
459,"цсамюъ онлюдю ROUGE ELIXIR яюрхмнбюъ √ 05. мефмюъ якхбю, ЬР",2.0,1610.0
460,"люякн дкъ рекю х бнкня ╚йнйнянбши нпеу╩, ЬР",2.0,1698.0
461,"нвхыючыюъ люяйю я цкхмни - я оепевмни лърни ахн - дкъ йнлахмхпнбюммни х фхпмни йнфх, 75 лк, ЬР",2.0,1738.0
462,"дмебмни йпел я кхтрхмц-щттейрнл, ЬР",2.0,1759.0
463,"пюяякюакъчыюъ опнжедспю дкъ кхжю я люякнл фнфнаю, ЬР",2.0,1980.0
464,"янкмжегюыхрмши юмрхбнгпюярмни йпел дкъ кхжю SPF 30, рчахй  40 лк, ЬР",2.0,2030.0
465,"йпел дкъ няберкемхъ & сбкюфмемхъ йнфх, ЬР",2.0,2290.0
466,"смхбепяюкэмши аюкэгюл ╚ъакнйн ахн╩ дкъ кхжю, рекю х бнкня, ЬР",2.0,2359.0
467,"оюптчлепмюъ бндю MON ROUGE! BLOOM IN LOVE, 50 лк, ЬР",2.0,3010.0
468,"ткчхд дкъ гюыхрш нр мецюрхбмшу тюйрнпнб & UV-хгксвемхъ, ЬР",2.0,4173.0
469,"яшбнпнрйю дкъ бшпюбмхбюмхъ & яхъмхъ йнфх, ЬР",2.0,4233.0
470,"мнвмюъ бняярюмюбкхбючыюъ яшбнпнрйю, ЬР",2.0,4891.0
471,"оюптчлепмюъ бндю QUELQUES NOTES D AMOUR, 30 лк, ЬР",2.0,5040.0
472,"оюптчлепмюъ бндю SABLE FAUVE, 30 лк, ЬР",2.0,5040.0
473,"оюптчлепмюъ бндю CUIR DE NUIT, 30 лк, ЬР",2.0,5219.0
474,"оюптчлепмюъ бндю OUI A L AMOUR, 50 лк, ЬР",2.0,5560.0
475,"оюптчлепмюъ бндю хярхммши щкхйяхп PURPLE , ткюйнм 50 лк, ЬР",2.0,6659.0
476,"оюптчлепмюъ бндю хярхммши щкхйяхп всбярбеммнярх , ткюйнм 50 лк, ЬР",2.0,6659.0
477,"оюптчлепмюъ бндю SABLE FAUVE, 100 лк, ЬР",2.0,6975.0
478,"окъфмюъ яслйю_рхо B, ЬР",1.0,1.0
479,"гнкнрюъ йнпнайю дкъ лсфяйху мюанпнб 2022, ЬР",1.0,50.0
480,"йюпюмдюь дкъ йнмрспю цса ROUGE ELIXIR √ 06. леврюрекэмши пнгнбши, ЬР",1.0,66.0
481,"йнялерхвйю дкъ сундю гю кхжнл люкюъ 2019, ЬР",1.0,80.0
482,"окегхп мюрчп фекрюъ йнпнайю япедмъъ 2021, ЬР",1.0,100.0
483,"йпел дкъ псй я юпцюмхеи х пнгни  рпюдхжхх уюллюлю, ЬР",1.0,118.0
484,"лнкнвйн дкъ рекю аспанмяйюъ бюмхкэ , ткюйнм 390 лк, ЬР",1.0,139.0
485,"яйпюа дкъ йнфх цнкнбш дернйя, ЬР",1.0,141.0
486,"охрюрекэмши аюкэгюл дкъ цса ╚мефмши лхмдюкэ╩, 4,8 ц, ЬР",1.0,149.0
487,"охрюрекэмши аюкэгюл дкъ цса ╚янвмше ъцндш╩, 4,8 ц, ЬР",1.0,149.0
488,"лшкн люкхмю & лърю , 80 ц, ЬР",1.0,215.0
489,"лшкн лхмдюкэ & ткепднпюмф  80 ц, ЬР",1.0,215.0
490,"лшкн кеямюъ гелкъмхйю , 80 ц, ЬР",1.0,223.0
491,"лшкн нкхбю & оерхцпем , 80 ц, ЬР",1.0,223.0
492,"цекэ дкъ дсью х бюммш кнрня & ьюктеи ,  ткюйнм 200 лк, ЬР",1.0,233.0
493,"цекэ дкъ дсью х бюммш люкхмю & лърю ,  ткюйнм 200 лк, ЬР",1.0,233.0
494,"лшкн люмцн & йнпхюмдп , 80 ц, ЬР",1.0,239.0
495,"оюптчлхпнбюммши йпел дкъ псй  GARDEN PARTY, 30 лк, ЬР",1.0,245.0
496,"фхдйне лшкн дкъ псй люмцн & йнпхюмдп  190 лк, ЬР",1.0,249.0
497,"йпел дкъ псй  йнйнянбши нпеу, ЬР",1.0,249.0
498,"йпел дкъ псй  нкхбю & оерхцпем, ЬР",1.0,249.0
499,"ремх дкъ бей  √  11. мефмши пнгнбши, ЬР",1.0,251.0
500,"цекэ дкъ дсью х бюммш цпеиотпср & рхлэъм ,  ткюйнм 200 лк, ЬР",1.0,259.0
501,"цекэ дкъ дсью б щйнтнплюре ╚бюмхкэ╩, ЬР",1.0,280.0
502,"цекэ дкъ дсью х бюммш нкхбю & оерхцпем ,  ткюйнм 400 лк, ЬР",1.0,306.0
503,"цекэ дкъ дсью б щйнтнплюре цпюмюр, ЬР",1.0,329.0
504,"яйпюа дкъ кхжю я пнлюьйни пхляйни ахн, ЬР",1.0,331.0
505,"цекэ дкъ дсью VERVEINE , 200 лк, ЬР",1.0,350.0
506,"цекэ дкъ дсью х бюммш аспанмяйюъ бюмхкэ ,  ткюйнм 400 лк, ЬР",1.0,359.0
507,"кюй дкъ мнцреи GO GREEN - 10. бхммши пнгнбши, 5лк, ЬР",1.0,363.0
508,"лъцйхи йпел дкъ дсью я цюлюлекхянл ахн,  200 лк, ЬР",1.0,399.0
509,"йпел-цекэ  хмремяхбмне сбкюфмемхе 48в , 50 лк, ЬР",1.0,424.0
510,"кюй дкъ мнцреи GO GREEN - 01. аекюъ нпухдеъ, ЬР",1.0,434.0
511,"кюй дкъ мнцреи GO GREEN - 15. яоекюъ вепеьмъ, ЬР",1.0,434.0
512,"кюй дкъ мнцреи GO GREEN - 23. йпюямши юлюпхккхя, ЬР",1.0,434.0
513,"кюй дкъ мнцреи GO GREEN √ 34. мефмюъ кюбюмдю, ЬР",1.0,434.0
514,"кюй дкъ мнцреи GO GREEN √ 38. фекрюъ лхлнгю, ЬР",1.0,434.0
515,"лнкнвйн дкъ рекю лхмдюкэ & ткепднпюмф , ткюйнм 390 лк, ЬР",1.0,459.0
516,"***рнмюкэмши йпел яхъмхе х гюыхрю нр мецюрхбмшу тюйрнпнб нйпсфючыеи япедш  10в - пнгнбши 050, ЬР",1.0,473.0
517,"яхъчыюъ онлюдю-йюпюмдюь дкъ цса ROUGE ELIXIR √ 12. пнгнбюъ тсйяхъ, ЬР",1.0,491.0
518,"оюптчлхпнбюммши цекэ дкъ дсью MON EVIDENCE 200 лк, ЬР",1.0,504.0
519,"яонмф дкъ рнмюкэмнцн йпелю, ЬР",1.0,512.0
520,"бнднярнийхи йюпюмдюь-ондбндйю дкъ йнмрспю цкюг ? 04. ахпчгнбши, ЬР",1.0,525.0
521,"йюпюмдюь дкъ йнмрспю цса ROUGE ELIXIR √ 03. янакюгмхрекэмюъ йюлекхъ, ЬР",1.0,525.0
522,"йюпюмдюь дкъ йнмрспю цса ROUGE ELIXIR √ 07. вюпсчыхи яхпемебши, ЬР",1.0,525.0
523,"ремх дкъ бей  √  02. всбярбеммши йюьрюмнбши, ЬР",1.0,525.0
524,"ремх дкъ бей  √  04. цксанйхи йнпхвмебши, ЬР",1.0,525.0
525,"ремх дкъ бей  √  27. цюплнмхвмши аекши, ЬР",1.0,525.0
526,"цсамюъ онлюдю ROUGE ELIXIR яюрхмнбюъ √ 17. ябепйючыхи пнгнбши, ЬР",1.0,530.0
527,"цсамюъ онлюдю ROUGE ELIXIR оепкюлсрпнбюъ  √ 72. кхкнбюъ пнгю, ЬР",1.0,558.0
528,"люяйю-аюкэгюл 2 б 1 бняярюмнбкемхе дкъ онбпефдеммшу бнкня, 200 лк, ЬР",1.0,560.0
529,"яхъчыюъ онлюдю-йюпюмдюь дкъ цса - 09. кхкнбюъ люкэбю, ЬР",1.0,581.0
530,"сйяся-нонкюяйхбюрекэ акеяй - дкъ рсяйкшу бнкня, 150 лк, ЬР",1.0,599.0
531,"люрхпсчыхи рнмюкэмши йпел, слемэьючыхи бхдхлнярэ онп √ аЕФЕБШИ 050, ЬР",1.0,623.0
532,"мюяшыеммне охрюрекэмне люякн дкъ бнкня я люякнл йнйняю ахн √ дкъ нвемэ ясуху, йсдпъбшу х бэчыхуяъ бн, ЬР",1.0,630.0
533,"йюпюмдюь дкъ йнмрспю цса ROUGE ELIXIR √ 04. окемхрекэмши йнпюккнбши, ЬР",1.0,637.0
534,"пслъмю  √  06. оепяхй, ЬР",1.0,665.0
535,"ярхй-уюикюиреп  яхъмхе  пнгнбши, ЬР",1.0,671.0
536,"цсамюъ онлюдю ROUGE ELIXIR яюрхмнбюъ √ 07. кюйнлши йнпхвмебши, ЬР",1.0,689.0
537,"цсамюъ онлюдю ROUGE ELIXIR яюрхмнбюъ √ 10. сбепеммши йпюямши, ЬР",1.0,690.0
538,"цсамюъ онлюдю ROUGE ELIXIR оепкюлсрпнбюъ √ 71. мчд лерюккхй, ЬР",1.0,693.0
539,"цсамюъ онлюдю ROUGE ELIXIR оепкюлсрпнбюъ √ 73. кедъмюъ люкэбю, ЬР",1.0,693.0
540,"оюптчлхпнбюммне сбкюфмъчыее лнкнвйн дкъ рекю  йюй ъбмнярэ , ткюйнм 200 лк, ЬР",1.0,693.0
541,"скэрпюярнийхе ремх-йюпюмдюь ? 06. якхбнбши, ЬР",1.0,693.0
542,"кхлхрхпнбюммюъ йнккейжхъ оюкерйю ремеи дкъ бей FLEURS DES SENTIERS, ЬР",1.0,729.0
543,"кецйхи рнмюкэмши йпел ╚еCреярбеммне яхъмхе╩ √ 01. тЮПТНПНБШИ, ЬР",1.0,735.0
544,"кецйхи рнмюкэмши йпел ╚еCреярбеммне яхъмхе╩ √ 05. аПНМГНБШИ, ЬР",1.0,735.0
545,"***оюптчлепмюъ бндю OUI A LAMOUR , 10 лк, ЬР",1.0,737.0
546,"ремх дкъ бей  √  24. мюяшыеммши вепмши, ЬР",1.0,750.0
547,"акеяй дкъ цса ROUGE ELIXIR √ 02. нвюпнбюрекэмши аефебши 7лк, ЬР",1.0,763.0
548,"акеяй дкъ цса ROUGE ELIXIR √ 06. мегюбхяхлюъ йюлекхъ, ЬР",1.0,763.0
549,"оюкерйю ремеи дкъ бей ╚вепмши цпюмхр╩, ЬР",1.0,770.0
550,"люрхпсчыхи рнмюкэмши йпел, слемэьючыхи бхдхлнярэ онп √ аЕФЕБШИ 150, ЬР",1.0,784.0
551,"люрхпсчыхи рнмюкэмши йпел, слемэьючыхи бхдхлнярэ онп √ аЕФЕБШИ 200, ЬР",1.0,784.0
552,"люрхпсчыхи рнмюкэмши йпел, слемэьючыхи бхдхлнярэ онп √ пНГНБШИ 100, ЬР",1.0,784.0
553,"цсамюъ онлюдю ROUGE ELIXIR люрнбюъ √ 03. юбюмрчпмши йнпюккнбши, ЬР",1.0,805.0
554,"цсамюъ онлюдю ROUGE ELIXIR люрнбюъ √ 12. депгйхи йнпхвмебши, ЬР",1.0,805.0
555,"цсамюъ онлюдю ROUGE ELIXIR яюрхмнбюъ √ 06. лъцйхи аефебши, ЬР",1.0,805.0
556,"цсамюъ онлюдю ROUGE ELIXIR яюрхмнбюъ √ 14. менрпюгхлши люй, ЬР",1.0,805.0
557,"цсамюъ онлюдю ROUGE ELIXIR яюрхмнбюъ √ 16. мюяшыеммши псахмнбши, ЬР",1.0,805.0
558,"цсамюъ онлюдю ROUGE ELIXIR оепкюлсрпнбюъ √ 76. яхъчыхи йпюямши, ЬР",1.0,841.0
559,"яопеи-тхйяюрнп люйхъфю 100лк, ЬР",1.0,848.0
560,"опюилеп дкъ кхжю, ЬР",1.0,875.0
561,"мюяшыеммши йпел  хмремяхбмне сбкюфмемхе 48в , 50 лк, ЬР",1.0,924.0
562,"акеяй дкъ цса ROUGE ELIXIR √ 01. яхъчыхи йпхярюкк 7лк, ЬР",1.0,926.0
563,"пслъмю  √  11. якхбю, ЬР",1.0,950.0
564,"***оюптчлепмюъ бндю OUI A L AMOUR, 10 лк, ЬР",1.0,966.0
565,"бнднярнийюъ рсьэ дкъ пеямхж  лерюлнптнгю  назел, сдкхмемхе х ондйпсвхбюмхе, ЬР",1.0,977.0
566,"цсамюъ онлюдю ROUGE ELIXIR люрнбюъ √ 06 фхгмепюднярмши юкши, ЬР",1.0,977.0
567,"бняйнбюъ деохкъжхъ цксанйне ахйхмх, ЬР",1.0,990.0
568,"пюяякюакъчыюъ опнжедспю дкъ яохмш я щйярпюйрнл пнлюьйх, ЬР",1.0,990.0
569,"скэрпюярнийхе ремх-йюпюмдюь ? 04. уюйх, ЬР",1.0,990.0
570,"йпел-цекэ дкъ кхжю х йнпнрйни анпндш,50 лк, ЬР",1.0,994.0
571,"рнмюкэмши йпел ╚яхъмхе х гюыхрю нр мецюрхбмшу тюйрнпнб нйпсфючыеи япедш╩ 10в √  пНГНБШИ 100, ЬР",1.0,1035.0
572,"яшбнпнрйю дкъ йнппейжхх яхксщрю, ткюйнм 150 лк, ЬР",1.0,1050.0
573,"княэнм-сунд опнрхб оепунрх я оепевмни лърни ахн - дкъ йнфх цнкнбш, яйкнммни й оепунрх, ЬР",1.0,1085.0
574,"бняйнбюъ деохкъжхъ мнцх онкмнярэч, ЬР",1.0,1090.0
575,"мнвмюъ люяйю дкъ йнппейжхх охцлемрмшу оърем & няберкемхъ йнфх, ЬР",1.0,1103.0
576,"йнмяхкеп янбепьеммне онйпшрхе х яхъмхе  - пнгнбши 050, ЬР",1.0,1120.0
577,"йнлоюйрмюъ осдпю  √  аефебши 200, ЬР",1.0,1320.0
578,"хмремяхбмши йспя опнрхб бшоюдемхъ бнкня - дкъ някюакеммшу бнкня, ЬР",1.0,1364.0
579,"оюптчлепмюъ бндю MON ROUGE! BLOOM IN LOVE, 10 лк, ЬР",1.0,1380.0
580,"бняярюмюбкхбючыее & хмремяхбмн охрючыее лнкнвйн дкъ рекю, ЬР",1.0,1460.0
581,"хмремяхбмши йспя опнрхб бшоюдемхъ бнкня я аекшл кчохмнл √ дкъ някюакеммшу бнкня, ЬР",1.0,1778.0
582,"пнкхй-сунд дкъ йнмрспю цкюг опнрхб якеднб сярюкнярх & дкъ яхъмхъ., ЬР",1.0,1813.0
583,"дмебмни йпел дкъ бняярюмнбкемхъ & гюыхрш нр мецюрхбмшу тюйрнпнб, 50лк, ЬР",1.0,1883.0
584,"сйпеокъчыхи йпел я кхтрхмц-щттейрнл - мнвэ, 50 лк, ЬР",1.0,1953.0
585,"ткчхд-яхъмхе я кхтрхмц-щттейрнл, 50 лк, ЬР",1.0,1953.0
586,"осреьеярбхе б лнпнййн, опнжедспю дкъ рекю я люякнл юпцюмхх, ЬР",1.0,1990.0
587,"мнбнцндмхи йюкемдюпэ, ЬР",1.0,1999.0
588,"***йпел-цекэ дкъ йнмрспю цкюг нр релмшу йпсцнб & дкъ яхъмхъ йнфх, ЬР",1.0,2190.0
589,"оюптчлепмюъ бндю TROPICALE TENTATION, 30 лк, ЬР",1.0,2339.0
590,"оюптчлепмюъ бндю QUELQUES NOTES D AMOUR, 50 лк, ЬР",1.0,2510.0
591,"ефедмебмюъ яшбнпнрйю дкъ сйпеокемхъ & гюыхрш нр мецюрхбмшу тюйрнпнб 50 лк, ЬР",1.0,2990.0
592,"лндекхпсчыюъ опнжедспю дкъ кхжю + асййюкэмши люяяюф, ЬР",1.0,3179.0
593,"мюанп MON EVIDENCE (оюптчлепмюъ бндю MON EVIDENCE 10 - 50 лк, оюптчлхпнбюммши йпел дкъ псй MON EVIDE, ЬР",1.0,3599.0
594,"йспя дкъ яхъмхъ йнфх, ЬР",1.0,3850.0
